{"mean":{"confidence_interval":{"confidence_level":0.95,"lower_bound":0.0012819042425719763,"upper_bound":0.07391004142424018},"point_estimate":0.035433654164996664,"standard_error":0.018461569110607236},"median":{"confidence_interval":{"confidence_level":0.95,"lower_bound":-0.0046460592213173335,"upper_bound":0.06636270105143205},"point_estimate":0.029492112835761475,"standard_error":0.016877867628886534}}