{"mean":{"confidence_interval":{"confidence_level":0.95,"lower_bound":69058998.10325,"upper_bound":103464095.99475},"point_estimate":85420625.66,"standard_error":8779609.989844436},"median":{"confidence_interval":{"confidence_level":0.95,"lower_bound":27697685.0,"upper_bound":123634505.5},"point_estimate":38516007.0,"standard_error":34031979.54353103},"median_abs_dev":{"confidence_interval":{"confidence_level":0.95,"lower_bound":36309454.53457832,"upper_bound":120708477.33739614},"point_estimate":56238263.89557123,"standard_error":25076968.470416278},"slope":null,"std_dev":{"confidence_interval":{"confidence_level":0.95,"lower_bound":64327750.824122556,"upper_bound":112490913.71043175},"point_estimate":88275020.80753775,"standard_error":12827196.168286806}}