{"mean":{"confidence_interval":{"confidence_level":0.95,"lower_bound":20438706.488333333,"upper_bound":29356507.248333335},"point_estimate":24569361.08999999,"standard_error":2269476.5397736593},"median":{"confidence_interval":{"confidence_level":0.95,"lower_bound":15305684.333333334,"upper_bound":22446776.0},"point_estimate":16020550.5,"standard_error":1219535.6276320412},"median_abs_dev":{"confidence_interval":{"confidence_level":0.95,"lower_bound":10540335.960471632,"upper_bound":21038355.058294535},"point_estimate":11476161.959457397,"standard_error":1914043.7077569205},"slope":null,"std_dev":{"confidence_interval":{"confidence_level":0.95,"lower_bound":15451669.18653631,"upper_bound":31661155.62285058},"point_estimate":22917372.818495832,"standard_error":4751760.401268847}}