{"mean":{"confidence_interval":{"confidence_level":0.95,"lower_bound":-0.04437002350436554,"upper_bound":0.02927810974662002},"point_estimate":-0.007613410509890617,"standard_error":0.01866480706105669},"median":{"confidence_interval":{"confidence_level":0.95,"lower_bound":-0.07402354389721151,"upper_bound":0.026168804673419078},"point_estimate":-0.02517038933478044,"standard_error":0.025976142994493766}}