{"mean":{"confidence_interval":{"confidence_level":0.95,"lower_bound":-0.12228135233345909,"upper_bound":-0.06816144234523938},"point_estimate":-0.09552058554239429,"standard_error":0.013719221900225863},"median":{"confidence_interval":{"confidence_level":0.95,"lower_bound":-0.14876168960030156,"upper_bound":-0.07035985974267622},"point_estimate":-0.09611405833650899,"standard_error":0.02066297174032387}}