{"mean":{"confidence_interval":{"confidence_level":0.95,"lower_bound":527.4029190802792,"upper_bound":561.3074836242628},"point_estimate":544.039834615376,"standard_error":8.704368412829131},"median":{"confidence_interval":{"confidence_level":0.95,"lower_bound":517.3479951069337,"upper_bound":549.4509037551211},"point_estimate":532.510940709589,"standard_error":8.424889762317417},"median_abs_dev":{"confidence_interval":{"confidence_level":0.95,"lower_bound":57.78474823447917,"upper_bound":100.56966474739724},"point_estimate":76.04049178269388,"standard_error":10.544089740952703},"slope":{"confidence_interval":{"confidence_level":0.95,"lower_bound":470.1054401263414,"upper_bound":500.26091703044233},"point_estimate":484.1248673324582,"standard_error":7.685740762326952},"std_dev":{"confidence_interval":{"confidence_level":0.95,"lower_bound":73.03859957182132,"upper_bound":101.27889686455728},"point_estimate":87.74734249586669,"standard_error":7.245616321806621}}