{"mean":{"confidence_interval":{"confidence_level":0.95,"lower_bound":-0.37382102987939425,"upper_bound":0.0773803999173444},"point_estimate":-0.16627910773018806,"standard_error":0.11529237414166012},"median":{"confidence_interval":{"confidence_level":0.95,"lower_bound":-0.31583189161232283,"upper_bound":0.3544566068630024},"point_estimate":-0.033839134134915794,"standard_error":0.12826209042763562}}