{"mean":{"confidence_interval":{"confidence_level":0.95,"lower_bound":0.14411308194962125,"upper_bound":0.8280875230552605},"point_estimate":0.4187439599382472,"standard_error":0.17492803107657717},"median":{"confidence_interval":{"confidence_level":0.95,"lower_bound":0.002616844664057729,"upper_bound":1.1316630295639056},"point_estimate":0.5576029513338336,"standard_error":0.30637048097891756}}