{"mean":{"confidence_interval":{"confidence_level":0.95,"lower_bound":-0.13537532808015676,"upper_bound":0.4300370395293907},"point_estimate":0.122190999149697,"standard_error":0.14401449139488282},"median":{"confidence_interval":{"confidence_level":0.95,"lower_bound":-0.7030191999678912,"upper_bound":2.9691505485324714},"point_estimate":0.12776522729101747,"standard_error":0.9793608017730195}}