{"mean":{"confidence_interval":{"confidence_level":0.95,"lower_bound":39640834.605000004,"upper_bound":66342819.68974999},"point_estimate":52001664.42,"standard_error":6833024.632128735},"median":{"confidence_interval":{"confidence_level":0.95,"lower_bound":22512964.0,"upper_bound":26319613.5},"point_estimate":24725029.5,"standard_error":1202309.0376798827},"median_abs_dev":{"confidence_interval":{"confidence_level":0.95,"lower_bound":27695510.881206393,"upper_bound":36634814.731171995},"point_estimate":32330786.310213804,"standard_error":2564798.146888715},"slope":null,"std_dev":{"confidence_interval":{"confidence_level":0.95,"lower_bound":47367059.81982402,"upper_bound":94077259.63629052},"point_estimate":68596058.69489229,"standard_error":14380882.646728398}}