{"mean":{"confidence_interval":{"confidence_level":0.95,"lower_bound":59269489.497999996,"upper_bound":86258948.25649999},"point_estimate":72618981.6,"standard_error":6885285.4540414},"median":{"confidence_interval":{"confidence_level":0.95,"lower_bound":23170964.0,"upper_bound":119189682.0},"point_estimate":26787084.0,"standard_error":20445884.37309734},"median_abs_dev":{"confidence_interval":{"confidence_level":0.95,"lower_bound":30195565.10192156,"upper_bound":105728534.0562433},"point_estimate":38766951.46434903,"standard_error":17266534.23214354},"slope":null,"std_dev":{"confidence_interval":{"confidence_level":0.95,"lower_bound":63094879.41353203,"upper_bound":73224589.04773983},"point_estimate":68862564.20014212,"standard_error":2568042.193014155}}