{"mean":{"confidence_interval":{"confidence_level":0.95,"lower_bound":23340258.205,"upper_bound":31896705.415},"point_estimate":27582888.965,"standard_error":2184826.658728677},"median":{"confidence_interval":{"confidence_level":0.95,"lower_bound":15062335.25,"upper_bound":30262173.25},"point_estimate":22439516.0,"standard_error":3832236.9308837745},"median_abs_dev":{"confidence_interval":{"confidence_level":0.95,"lower_bound":16277181.193122268,"upper_bound":30528267.207714915},"point_estimate":24344931.30969107,"standard_error":3706668.006257314},"slope":null,"std_dev":{"confidence_interval":{"confidence_level":0.95,"lower_bound":19351850.201793917,"upper_bound":24280820.30797772},"point_estimate":21987217.220203497,"standard_error":1258650.3817908312}}