{"mean":{"confidence_interval":{"confidence_level":0.95,"lower_bound":83098849.6365,"upper_bound":114119410.3135},"point_estimate":98533770.95,"standard_error":7919792.7673994},"median":{"confidence_interval":{"confidence_level":0.95,"lower_bound":40959307.75000026,"upper_bound":127324658.0},"point_estimate":73240694.0,"standard_error":32890237.6813441},"median_abs_dev":{"confidence_interval":{"confidence_level":0.95,"lower_bound":53277067.50558549,"upper_bound":135481418.527624},"point_estimate":93156793.47963631,"standard_error":22421998.468365442},"slope":null,"std_dev":{"confidence_interval":{"confidence_level":0.95,"lower_bound":73534604.61952886,"upper_bound":85312626.98461147},"point_estimate":79996884.83505493,"standard_error":2998932.2719037817}}