{"mean":{"confidence_interval":{"confidence_level":0.95,"lower_bound":81061144.594,"upper_bound":112089113.49899998},"point_estimate":96388448.27,"standard_error":7909541.304217598},"median":{"confidence_interval":{"confidence_level":0.95,"lower_bound":40341299.5,"upper_bound":125289104.5},"point_estimate":79153073.0,"standard_error":30451488.91373589},"median_abs_dev":{"confidence_interval":{"confidence_level":0.95,"lower_bound":52612512.28634119,"upper_bound":133485181.59675673},"point_estimate":85094339.21017349,"standard_error":22283737.26322963},"slope":null,"std_dev":{"confidence_interval":{"confidence_level":0.95,"lower_bound":71602894.91382037,"upper_bound":86189566.3796112},"point_estimate":79544800.00059588,"standard_error":3727986.1939861407}}