{"mean":{"confidence_interval":{"confidence_level":0.95,"lower_bound":15332425.6208125,"upper_bound":17435863.37},"point_estimate":16386657.7825,"standard_error":534779.8400605046},"median":{"confidence_interval":{"confidence_level":0.95,"lower_bound":14877611.5,"upper_bound":17547637.0},"point_estimate":16395839.375,"standard_error":637075.2446367154},"median_abs_dev":{"confidence_interval":{"confidence_level":0.95,"lower_bound":4926635.419859737,"upper_bound":7463395.294748247},"point_estimate":6306816.090081632,"standard_error":636255.2235227799},"slope":null,"std_dev":{"confidence_interval":{"confidence_level":0.95,"lower_bound":4720688.375173079,"upper_bound":5943042.372723168},"point_estimate":5367477.570490855,"standard_error":312216.267424369}}