{"mean":{"confidence_interval":{"confidence_level":0.95,"lower_bound":4346865.723791667,"upper_bound":4928935.228437499},"point_estimate":4634331.050000001,"standard_error":148436.86670205102},"median":{"confidence_interval":{"confidence_level":0.95,"lower_bound":3977237.25,"upper_bound":4605666.625},"point_estimate":4369108.583333333,"standard_error":182024.88937665022},"median_abs_dev":{"confidence_interval":{"confidence_level":0.95,"lower_bound":988170.0559064748,"upper_bound":1957601.8396206202},"point_estimate":1587931.4123585823,"standard_error":227220.03203424925},"slope":null,"std_dev":{"confidence_interval":{"confidence_level":0.95,"lower_bound":1294599.261778673,"upper_bound":1680882.348760496},"point_estimate":1496658.4835454326,"standard_error":98860.43802591207}}