{"mean":{"confidence_interval":{"confidence_level":0.95,"lower_bound":34548614.5415,"upper_bound":60979200.86},"point_estimate":46611355.75,"standard_error":6767948.1217483245},"median":{"confidence_interval":{"confidence_level":0.95,"lower_bound":22362532.0,"upper_bound":25120560.0},"point_estimate":23984669.5,"standard_error":778799.3453660108},"median_abs_dev":{"confidence_interval":{"confidence_level":0.95,"lower_bound":7175439.909410477,"upper_bound":32768397.931444645},"point_estimate":29738238.607540727,"standard_error":5428583.676669935},"slope":null,"std_dev":{"confidence_interval":{"confidence_level":0.95,"lower_bound":43216066.85052231,"upper_bound":96048809.9493364},"point_estimate":67907340.04612786,"standard_error":16144206.116188873}}