{"mean":{"confidence_interval":{"confidence_level":0.95,"lower_bound":485285.2069895086,"upper_bound":513750.4584993188},"point_estimate":498974.0504490864,"standard_error":7252.294468763293},"median":{"confidence_interval":{"confidence_level":0.95,"lower_bound":487793.0123188406,"upper_bound":505438.4467987525},"point_estimate":495208.5276418172,"standard_error":4337.7284968033255},"median_abs_dev":{"confidence_interval":{"confidence_level":0.95,"lower_bound":35937.18884596792,"upper_bound":57930.643892951084},"point_estimate":45730.535071826904,"standard_error":5477.186256845764},"slope":{"confidence_interval":{"confidence_level":0.95,"lower_bound":471239.75779760594,"upper_bound":490552.11767978425},"point_estimate":480632.49954386486,"standard_error":4922.406121051432},"std_dev":{"confidence_interval":{"confidence_level":0.95,"lower_bound":46239.54719818421,"upper_bound":100443.95299443974},"point_estimate":72783.1622097482,"standard_error":14411.280667119563}}