{"mean":{"confidence_interval":{"confidence_level":0.95,"lower_bound":-0.09246631239782681,"upper_bound":0.0006675766377933359},"point_estimate":-0.046576403638734165,"standard_error":0.023805225436722515},"median":{"confidence_interval":{"confidence_level":0.95,"lower_bound":-0.05031904347623828,"upper_bound":0.012897314388697678},"point_estimate":-0.021449916109239853,"standard_error":0.016795224983610465}}