{"mean":{"confidence_interval":{"confidence_level":0.95,"lower_bound":-0.04618934385344063,"upper_bound":0.07111093900502641},"point_estimate":0.009748463067695168,"standard_error":0.029945559173323796},"median":{"confidence_interval":{"confidence_level":0.95,"lower_bound":0.010517201184991443,"upper_bound":0.16748495656234175},"point_estimate":0.1065307112671674,"standard_error":0.039093856162849376}}