{"mean":{"confidence_interval":{"confidence_level":0.95,"lower_bound":1805485.4664999999,"upper_bound":1936515.2633125},"point_estimate":1870816.154583333,"standard_error":33420.11268843596},"median":{"confidence_interval":{"confidence_level":0.95,"lower_bound":1749705.1666666667,"upper_bound":1959619.6458333335},"point_estimate":1893731.5208333335,"standard_error":47045.578793654786},"median_abs_dev":{"confidence_interval":{"confidence_level":0.95,"lower_bound":257299.94366951322,"upper_bound":408160.2669537068},"point_estimate":348188.3876059204,"standard_error":39803.35652512111},"slope":null,"std_dev":{"confidence_interval":{"confidence_level":0.95,"lower_bound":283603.89642065717,"upper_bound":383412.7567629109},"point_estimate":335694.24772877246,"standard_error":25528.377022738365}}