{"mean":{"confidence_interval":{"confidence_level":0.95,"lower_bound":80034057.584,"upper_bound":103156747.75274998},"point_estimate":91729565.57,"standard_error":5905013.223932708},"median":{"confidence_interval":{"confidence_level":0.95,"lower_bound":90799035.0,"upper_bound":116462963.0},"point_estimate":105274927.0,"standard_error":5908360.910204608},"median_abs_dev":{"confidence_interval":{"confidence_level":0.95,"lower_bound":38872761.659270525,"upper_bound":84166294.63714957},"point_estimate":51367260.25984883,"standard_error":13044678.034195209},"slope":null,"std_dev":{"confidence_interval":{"confidence_level":0.95,"lower_bound":53217092.75394039,"upper_bound":64366555.05092119},"point_estimate":59466075.112118706,"standard_error":2844592.4841101095}}