{"mean":{"confidence_interval":{"confidence_level":0.95,"lower_bound":114935.55997228075,"upper_bound":119601.02828390717},"point_estimate":117245.88927655622,"standard_error":1190.180646007661},"median":{"confidence_interval":{"confidence_level":0.95,"lower_bound":112474.52469135802,"upper_bound":118216.99056509083},"point_estimate":115951.825,"standard_error":1633.3213930499378},"median_abs_dev":{"confidence_interval":{"confidence_level":0.95,"lower_bound":6886.3474819800995,"upper_bound":12907.874704800335},"point_estimate":9511.262230068882,"standard_error":1493.2650943239614},"slope":{"confidence_interval":{"confidence_level":0.95,"lower_bound":111175.45956625577,"upper_bound":116284.57624558924},"point_estimate":113511.451415858,"standard_error":1309.395630251761},"std_dev":{"confidence_interval":{"confidence_level":0.95,"lower_bound":9830.069802423739,"upper_bound":14034.295380774041},"point_estimate":12002.34478892925,"standard_error":1073.412428040744}}