{"mean":{"confidence_interval":{"confidence_level":0.95,"lower_bound":-0.1487180604772288,"upper_bound":0.3265159699089088},"point_estimate":0.06142422409135784,"standard_error":0.12200594187531846},"median":{"confidence_interval":{"confidence_level":0.95,"lower_bound":-0.4180857731745582,"upper_bound":0.37119152856970583},"point_estimate":-0.0572968650170077,"standard_error":0.19343798722845712}}