{"mean":{"confidence_interval":{"confidence_level":0.95,"lower_bound":-0.14425520913216242,"upper_bound":0.2499612133743143},"point_estimate":0.03487944261557496,"standard_error":0.10030369500398939},"median":{"confidence_interval":{"confidence_level":0.95,"lower_bound":-0.13428902602493886,"upper_bound":0.275607657223659},"point_estimate":0.030231651331593,"standard_error":0.10114790588734661}}