{"mean":{"confidence_interval":{"confidence_level":0.95,"lower_bound":-0.08342409781148435,"upper_bound":0.09490143589198201},"point_estimate":0.006047000158188043,"standard_error":0.04566617501345528},"median":{"confidence_interval":{"confidence_level":0.95,"lower_bound":-0.1580129011856487,"upper_bound":0.04671182746369884},"point_estimate":-0.03661863115091335,"standard_error":0.05381210551880831}}