{"mean":{"confidence_interval":{"confidence_level":0.95,"lower_bound":-0.25108001226104293,"upper_bound":-0.078787311222904},"point_estimate":-0.17304913475727401,"standard_error":0.044032320099493004},"median":{"confidence_interval":{"confidence_level":0.95,"lower_bound":-0.2981275257969792,"upper_bound":-0.03728405135498108},"point_estimate":-0.20187979489044394,"standard_error":0.06396567258174995}}