{"mean":{"confidence_interval":{"confidence_level":0.95,"lower_bound":-0.2989118655513273,"upper_bound":0.1401685544526252},"point_estimate":-0.11144450920731741,"standard_error":0.11160621198222703},"median":{"confidence_interval":{"confidence_level":0.95,"lower_bound":-0.6497752143426725,"upper_bound":1.736822600182002},"point_estimate":-0.3995192633177981,"standard_error":0.6019700796362678}}