{"mean":{"confidence_interval":{"confidence_level":0.95,"lower_bound":-0.27946252415754225,"upper_bound":0.28250804900939597},"point_estimate":-0.03724427523079621,"standard_error":0.1447060182178095},"median":{"confidence_interval":{"confidence_level":0.95,"lower_bound":-0.6332820632051921,"upper_bound":-0.004644982063425673},"point_estimate":-0.5868206713279589,"standard_error":0.12634442177278674}}